{"v":"4.6.3","fr":29.9700012207031,"ip":0,"op":60.0000024438501,"w":682,"h":520,"nm":"Rain","ddd":0,"assets":[{"id":"comp_0","layers":[{"ddd":0,"ind":1,"ty":4,"nm":"Cloud","ks":{"o":{"a":0,"k":100},"r":{"a":0,"k":0},"p":{"a":0,"k":[342.581,131.04,0]},"a":{"a":0,"k":[256,256,0]},"s":{"a":1,"k":[{"i":{"x":[0.833,0.833,0.833],"y":[0.833,0.833,0.833]},"o":{"x":[0.167,0.167,0.167],"y":[0.167,0.167,0.167]},"n":["0p833_0p833_0p167_0p167","0p833_0p833_0p167_0p167","0p833_0p833_0p167_0p167"],"t":0,"s":[69.505,69.505,100],"e":[77.505,77.505,100]},{"i":{"x":[0.833,0.833,0.833],"y":[0.833,0.833,0.833]},"o":{"x":[0.167,0.167,0.167],"y":[0.167,0.167,0.167]},"n":["0p833_0p833_0p167_0p167","0p833_0p833_0p167_0p167","0p833_0p833_0p167_0p167"],"t":30,"s":[77.505,77.505,100],"e":[69.505,69.505,100]},{"t":59.0000024031193}]}},"ao":0,"shapes":[{"ty":"gr","it":[{"ind":0,"ty":"sh","ix":1,"ks":{"a":0,"k":{"i":[[53.334,4.267],[78.933,0],[25.6,-51.2],[0,-66.133],[-70.4,0],[0,0],[0,59.733]],"o":[[-14.933,-72.534],[-61.867,0],[-66.133,8.534],[0,70.4],[0,0],[59.733,0],[0,-55.467]],"v":[[157.866,-42.667],[0,-170.667],[-140.8,-85.333],[-256,42.667],[-128,170.667],[149.333,170.667],[256,64]],"c":true}},"nm":"Path 1","mn":"ADBE Vector Shape - Group"},{"ty":"fl","c":{"a":0,"k":[1,1,1,1]},"o":{"a":0,"k":100},"r":1,"nm":"Fill 1","mn":"ADBE Vector Graphic - Fill"},{"ty":"tr","p":{"a":0,"k":[256,256],"ix":2},"a":{"a":0,"k":[0,0],"ix":1},"s":{"a":0,"k":[100,100],"ix":3},"r":{"a":0,"k":0,"ix":6},"o":{"a":0,"k":100,"ix":7},"sk":{"a":0,"k":0,"ix":4},"sa":{"a":0,"k":0,"ix":5},"nm":"Transform"}],"nm":"Group 1","np":2,"cix":2,"ix":1,"mn":"ADBE Vector Group"}],"ip":0,"op":60.0000024438501,"st":0,"bm":0,"sr":1},{"ddd":0,"ind":2,"ty":4,"nm":"Droplets top","ks":{"o":{"a":1,"k":[{"i":{"x":[0.833],"y":[0.833]},"o":{"x":[0.167],"y":[0.167]},"n":["0p833_0p833_0p167_0p167"],"t":0,"s":[0],"e":[100]},{"t":59.0000024031193}]},"r":{"a":0,"k":0},"p":{"a":1,"k":[{"i":{"x":0.833,"y":0.833},"o":{"x":0.167,"y":0.167},"n":"0p833_0p833_0p167_0p167","t":0,"s":[312.859,213.71,0],"e":[388.109,287.96,0],"to":[12.5416669845581,12.375,0],"ti":[-12.5416669845581,-12.375,0]},{"t":59.0000024031193}]},"a":{"a":0,"k":[762.5,256,0]},"s":{"a":0,"k":[14.161,14.161,100]}},"ao":0,"shapes":[{"ty":"gr","it":[{"ind":0,"ty":"sh","ix":1,"ks":{"a":0,"k":{"i":[[75.125,52.029],[9.876,11.815],[3.19,-1.146],[0.015,-3.384],[10.089,-39.366],[-23.78,-63.739],[-94.018,35.076],[35.076,94.017]],"o":[[-35.178,-24.357],[-2.179,-2.6],[-2.901,1.184],[-0.085,14.689],[-23.122,90.113],[35.076,94.018],[94.017,-35.076],[-23.395,-62.709]],"v":[[-36.557,-190.485],[-111.995,-247.696],[-120.914,-250.114],[-126.252,-242.576],[-145.144,-154.543],[-176.148,122.726],[57.965,229.621],[164.853,-4.494]],"c":true}},"nm":"Path 1","mn":"ADBE Vector Shape - Group"},{"ty":"fl","c":{"a":0,"k":[0,0.42,0.706,1]},"o":{"a":0,"k":100},"r":1,"nm":"Fill 1","mn":"ADBE Vector Graphic - Fill"},{"ty":"tr","p":{"a":0,"k":[232.726,260.74],"ix":2},"a":{"a":0,"k":[0,0],"ix":1},"s":{"a":0,"k":[100,100],"ix":3},"r":{"a":0,"k":0,"ix":6},"o":{"a":0,"k":100,"ix":7},"sk":{"a":0,"k":0,"ix":4},"sa":{"a":0,"k":0,"ix":5},"nm":"Transform"}],"nm":"Group 1","np":2,"cix":2,"ix":1,"mn":"ADBE Vector Group"},{"ty":"gr","it":[{"ind":0,"ty":"sh","ix":1,"ks":{"a":0,"k":{"i":[[75.125,52.029],[9.876,11.815],[3.19,-1.146],[0.016,-3.384],[10.089,-39.366],[-23.78,-63.74],[-94.018,35.077],[35.076,94.018]],"o":[[-35.178,-24.357],[-2.179,-2.6],[-2.901,1.184],[-0.084,14.689],[-23.122,90.113],[35.076,94.017],[94.018,-35.076],[-23.395,-62.709]],"v":[[-36.558,-187.74],[-111.996,-244.951],[-120.915,-247.369],[-126.253,-239.831],[-145.145,-151.798],[-176.148,125.472],[57.964,232.366],[164.852,-1.749]],"c":true}},"nm":"Path 1","mn":"ADBE Vector Shape - Group"},{"ty":"fl","c":{"a":0,"k":[0,0.42,0.706,1]},"o":{"a":0,"k":100},"r":1,"nm":"Fill 1","mn":"ADBE Vector Graphic - Fill"},{"ty":"tr","p":{"a":0,"k":[766.329,263.485],"ix":2},"a":{"a":0,"k":[0,0],"ix":1},"s":{"a":0,"k":[100,100],"ix":3},"r":{"a":0,"k":0,"ix":6},"o":{"a":0,"k":100,"ix":7},"sk":{"a":0,"k":0,"ix":4},"sa":{"a":0,"k":0,"ix":5},"nm":"Transform"}],"nm":"Group 2","np":2,"cix":2,"ix":2,"mn":"ADBE Vector Group"},{"ty":"gr","it":[{"ind":0,"ty":"sh","ix":1,"ks":{"a":0,"k":{"i":[[75.124,52.029],[9.876,11.815],[3.19,-1.146],[0.015,-3.384],[10.089,-39.366],[-23.781,-63.74],[-94.017,35.077],[35.076,94.018]],"o":[[-35.178,-24.357],[-2.179,-2.6],[-2.901,1.184],[-0.085,14.689],[-23.122,90.113],[35.075,94.017],[94.018,-35.076],[-23.395,-62.709]],"v":[[-36.557,-187.74],[-111.996,-244.951],[-120.915,-247.369],[-126.253,-239.831],[-145.145,-151.798],[-176.148,125.472],[57.964,232.366],[164.852,-1.749]],"c":true}},"nm":"Path 1","mn":"ADBE Vector Shape - Group"},{"ty":"fl","c":{"a":0,"k":[0,0.42,0.706,1]},"o":{"a":0,"k":100},"r":1,"nm":"Fill 1","mn":"ADBE Vector Graphic - Fill"},{"ty":"tr","p":{"a":0,"k":[1299.931,263.485],"ix":2},"a":{"a":0,"k":[0,0],"ix":1},"s":{"a":0,"k":[100,100],"ix":3},"r":{"a":0,"k":0,"ix":6},"o":{"a":0,"k":100,"ix":7},"sk":{"a":0,"k":0,"ix":4},"sa":{"a":0,"k":0,"ix":5},"nm":"Transform"}],"nm":"Group 3","np":2,"cix":2,"ix":3,"mn":"ADBE Vector Group"}],"ip":0,"op":60.0000024438501,"st":0,"bm":0,"sr":1},{"ddd":0,"ind":3,"ty":4,"nm":"Droplets center","parent":2,"ks":{"o":{"a":1,"k":[{"i":{"x":[0.833],"y":[0.833]},"o":{"x":[0.167],"y":[0.167]},"n":["0p833_0p833_0p167_0p167"],"t":0,"s":[100],"e":[50]},{"t":59.0000024031193}]},"r":{"a":0,"k":0},"p":{"a":0,"k":[1295.958,782.356,0]},"a":{"a":0,"k":[762.5,256,0]},"s":{"a":0,"k":[100,100,100]}},"ao":0,"shapes":[{"ty":"gr","it":[{"ind":0,"ty":"sh","ix":1,"ks":{"a":0,"k":{"i":[[75.125,52.029],[9.876,11.815],[3.19,-1.146],[0.015,-3.384],[10.089,-39.366],[-23.78,-63.739],[-94.018,35.076],[35.076,94.017]],"o":[[-35.178,-24.357],[-2.179,-2.6],[-2.901,1.184],[-0.085,14.689],[-23.122,90.113],[35.076,94.018],[94.017,-35.076],[-23.395,-62.709]],"v":[[-36.557,-190.485],[-111.995,-247.696],[-120.914,-250.114],[-126.252,-242.576],[-145.144,-154.543],[-176.148,122.726],[57.965,229.621],[164.853,-4.494]],"c":true}},"nm":"Path 1","mn":"ADBE Vector Shape - Group"},{"ty":"fl","c":{"a":0,"k":[0,0.42,0.706,1]},"o":{"a":0,"k":100},"r":1,"nm":"Fill 1","mn":"ADBE Vector Graphic - Fill"},{"ty":"tr","p":{"a":0,"k":[232.726,260.74],"ix":2},"a":{"a":0,"k":[0,0],"ix":1},"s":{"a":0,"k":[100,100],"ix":3},"r":{"a":0,"k":0,"ix":6},"o":{"a":0,"k":100,"ix":7},"sk":{"a":0,"k":0,"ix":4},"sa":{"a":0,"k":0,"ix":5},"nm":"Transform"}],"nm":"Group 1","np":2,"cix":2,"ix":1,"mn":"ADBE Vector Group"},{"ty":"gr","it":[{"ind":0,"ty":"sh","ix":1,"ks":{"a":0,"k":{"i":[[75.125,52.029],[9.876,11.815],[3.19,-1.146],[0.016,-3.384],[10.089,-39.366],[-23.78,-63.74],[-94.018,35.077],[35.076,94.018]],"o":[[-35.178,-24.357],[-2.179,-2.6],[-2.901,1.184],[-0.084,14.689],[-23.122,90.113],[35.076,94.017],[94.018,-35.076],[-23.395,-62.709]],"v":[[-36.558,-187.74],[-111.996,-244.951],[-120.915,-247.369],[-126.253,-239.831],[-145.145,-151.798],[-176.148,125.472],[57.964,232.366],[164.852,-1.749]],"c":true}},"nm":"Path 1","mn":"ADBE Vector Shape - Group"},{"ty":"fl","c":{"a":0,"k":[0,0.42,0.706,1]},"o":{"a":0,"k":100},"r":1,"nm":"Fill 1","mn":"ADBE Vector Graphic - Fill"},{"ty":"tr","p":{"a":0,"k":[766.329,263.485],"ix":2},"a":{"a":0,"k":[0,0],"ix":1},"s":{"a":0,"k":[100,100],"ix":3},"r":{"a":0,"k":0,"ix":6},"o":{"a":0,"k":100,"ix":7},"sk":{"a":0,"k":0,"ix":4},"sa":{"a":0,"k":0,"ix":5},"nm":"Transform"}],"nm":"Group 2","np":2,"cix":2,"ix":2,"mn":"ADBE Vector Group"},{"ty":"gr","it":[{"ind":0,"ty":"sh","ix":1,"ks":{"a":0,"k":{"i":[[75.124,52.029],[9.876,11.815],[3.19,-1.146],[0.015,-3.384],[10.089,-39.366],[-23.781,-63.74],[-94.017,35.077],[35.076,94.018]],"o":[[-35.178,-24.357],[-2.179,-2.6],[-2.901,1.184],[-0.085,14.689],[-23.122,90.113],[35.075,94.017],[94.018,-35.076],[-23.395,-62.709]],"v":[[-36.557,-187.74],[-111.996,-244.951],[-120.915,-247.369],[-126.253,-239.831],[-145.145,-151.798],[-176.148,125.472],[57.964,232.366],[164.852,-1.749]],"c":true}},"nm":"Path 1","mn":"ADBE Vector Shape - Group"},{"ty":"fl","c":{"a":0,"k":[0,0.42,0.706,1]},"o":{"a":0,"k":100},"r":1,"nm":"Fill 1","mn":"ADBE Vector Graphic - Fill"},{"ty":"tr","p":{"a":0,"k":[1299.931,263.485],"ix":2},"a":{"a":0,"k":[0,0],"ix":1},"s":{"a":0,"k":[100,100],"ix":3},"r":{"a":0,"k":0,"ix":6},"o":{"a":0,"k":100,"ix":7},"sk":{"a":0,"k":0,"ix":4},"sa":{"a":0,"k":0,"ix":5},"nm":"Transform"}],"nm":"Group 3","np":2,"cix":2,"ix":3,"mn":"ADBE Vector Group"}],"ip":0,"op":60.0000024438501,"st":0,"bm":0,"sr":1},{"ddd":0,"ind":4,"ty":4,"nm":"Droplets bottom","parent":2,"ks":{"o":{"a":1,"k":[{"i":{"x":[0.833],"y":[0.833]},"o":{"x":[0.167],"y":[0.167]},"n":["0p833_0p833_0p167_0p167"],"t":0,"s":[50],"e":[0]},{"t":59.0000024031193}]},"r":{"a":0,"k":0},"p":{"a":0,"k":[1829.772,1314.776,0]},"a":{"a":0,"k":[762.5,256,0]},"s":{"a":0,"k":[100,100,100]}},"ao":0,"shapes":[{"ty":"gr","it":[{"ind":0,"ty":"sh","ix":1,"ks":{"a":0,"k":{"i":[[75.125,52.029],[9.876,11.815],[3.19,-1.146],[0.015,-3.384],[10.089,-39.366],[-23.78,-63.739],[-94.018,35.076],[35.076,94.017]],"o":[[-35.178,-24.357],[-2.179,-2.6],[-2.901,1.184],[-0.085,14.689],[-23.122,90.113],[35.076,94.018],[94.017,-35.076],[-23.395,-62.709]],"v":[[-36.557,-190.485],[-111.995,-247.696],[-120.914,-250.114],[-126.252,-242.576],[-145.144,-154.543],[-176.148,122.726],[57.965,229.621],[164.853,-4.494]],"c":true}},"nm":"Path 1","mn":"ADBE Vector Shape - Group"},{"ty":"fl","c":{"a":0,"k":[0,0.42,0.706,1]},"o":{"a":0,"k":100},"r":1,"nm":"Fill 1","mn":"ADBE Vector Graphic - Fill"},{"ty":"tr","p":{"a":0,"k":[232.726,260.74],"ix":2},"a":{"a":0,"k":[0,0],"ix":1},"s":{"a":0,"k":[100,100],"ix":3},"r":{"a":0,"k":0,"ix":6},"o":{"a":0,"k":100,"ix":7},"sk":{"a":0,"k":0,"ix":4},"sa":{"a":0,"k":0,"ix":5},"nm":"Transform"}],"nm":"Group 1","np":2,"cix":2,"ix":1,"mn":"ADBE Vector Group"},{"ty":"gr","it":[{"ind":0,"ty":"sh","ix":1,"ks":{"a":0,"k":{"i":[[75.125,52.029],[9.876,11.815],[3.19,-1.146],[0.016,-3.384],[10.089,-39.366],[-23.78,-63.74],[-94.018,35.077],[35.076,94.018]],"o":[[-35.178,-24.357],[-2.179,-2.6],[-2.901,1.184],[-0.084,14.689],[-23.122,90.113],[35.076,94.017],[94.018,-35.076],[-23.395,-62.709]],"v":[[-36.558,-187.74],[-111.996,-244.951],[-120.915,-247.369],[-126.253,-239.831],[-145.145,-151.798],[-176.148,125.472],[57.964,232.366],[164.852,-1.749]],"c":true}},"nm":"Path 1","mn":"ADBE Vector Shape - Group"},{"ty":"fl","c":{"a":0,"k":[0,0.42,0.706,1]},"o":{"a":0,"k":100},"r":1,"nm":"Fill 1","mn":"ADBE Vector Graphic - Fill"},{"ty":"tr","p":{"a":0,"k":[766.329,263.485],"ix":2},"a":{"a":0,"k":[0,0],"ix":1},"s":{"a":0,"k":[100,100],"ix":3},"r":{"a":0,"k":0,"ix":6},"o":{"a":0,"k":100,"ix":7},"sk":{"a":0,"k":0,"ix":4},"sa":{"a":0,"k":0,"ix":5},"nm":"Transform"}],"nm":"Group 2","np":2,"cix":2,"ix":2,"mn":"ADBE Vector Group"},{"ty":"gr","it":[{"ind":0,"ty":"sh","ix":1,"ks":{"a":0,"k":{"i":[[75.124,52.029],[9.876,11.815],[3.19,-1.146],[0.015,-3.384],[10.089,-39.366],[-23.781,-63.74],[-94.017,35.077],[35.076,94.018]],"o":[[-35.178,-24.357],[-2.179,-2.6],[-2.901,1.184],[-0.085,14.689],[-23.122,90.113],[35.075,94.017],[94.018,-35.076],[-23.395,-62.709]],"v":[[-36.557,-187.74],[-111.996,-244.951],[-120.915,-247.369],[-126.253,-239.831],[-145.145,-151.798],[-176.148,125.472],[57.964,232.366],[164.852,-1.749]],"c":true}},"nm":"Path 1","mn":"ADBE Vector Shape - Group"},{"ty":"fl","c":{"a":0,"k":[0,0.42,0.706,1]},"o":{"a":0,"k":100},"r":1,"nm":"Fill 1","mn":"ADBE Vector Graphic - Fill"},{"ty":"tr","p":{"a":0,"k":[1299.931,263.485],"ix":2},"a":{"a":0,"k":[0,0],"ix":1},"s":{"a":0,"k":[100,100],"ix":3},"r":{"a":0,"k":0,"ix":6},"o":{"a":0,"k":100,"ix":7},"sk":{"a":0,"k":0,"ix":4},"sa":{"a":0,"k":0,"ix":5},"nm":"Transform"}],"nm":"Group 3","np":2,"cix":2,"ix":3,"mn":"ADBE Vector Group"}],"ip":0,"op":60.0000024438501,"st":0,"bm":0,"sr":1}]}],"layers":[{"ddd":0,"ind":1,"ty":0,"nm":"Pre-comp 1","refId":"comp_0","ks":{"o":{"a":0,"k":100},"r":{"a":0,"k":0},"p":{"a":0,"k":[341,260,0]},"a":{"a":0,"k":[341,260,0]},"s":{"a":0,"k":[100,100,100]}},"ao":0,"w":682,"h":520,"ip":0,"op":60.0000024438501,"st":0,"bm":0,"sr":1}]}